{"cameraMode":{"drawMode":0,"name":"Shaded","section":"Shading Mode"},"sceneLighting":false,"audioPlay":false,"sceneViewState":{"showFog":true,"showMaterialUpdate":false,"showSkybox":false,"showFlares":true,"showImageEffects":true,"showParticleSystems":true},"in2DMode":false,"pivot":{"x":0.3755805492401123,"y":0.0,"z":12.81265640258789},"rotation":{"x":0.15172100067138673,"y":0.23622281849384309,"z":-0.03736983239650726,"w":0.9590567946434021},"size":4.688134670257568,"orthographic":false}