{"cameraMode":{"drawMode":0,"name":"Shaded","section":"Shading Mode"},"sceneLighting":false,"audioPlay":false,"sceneViewState":{"showFog":true,"showMaterialUpdate":false,"showSkybox":false,"showFlares":true,"showImageEffects":true,"showParticleSystems":true},"in2DMode":false,"pivot":{"x":13.14041519165039,"y":0.6374249458312988,"z":-2.0468251705169679},"rotation":{"x":0.11141084134578705,"y":0.26321783661842348,"z":-0.030617592856287957,"w":0.9577928185462952},"size":6.0883708000183109,"orthographic":false}