{"cameraMode":{"drawMode":0,"name":"Shaded","section":"Shading Mode"},"sceneLighting":false,"audioPlay":false,"sceneViewState":{"showFog":true,"showMaterialUpdate":false,"showSkybox":false,"showFlares":true,"showImageEffects":true,"showParticleSystems":true},"in2DMode":false,"pivot":{"x":-14.84997272491455,"y":0.7227977514266968,"z":12.748400688171387},"rotation":{"x":0.15172100067138673,"y":0.23622281849384309,"z":-0.03736983239650726,"w":0.9590567946434021},"size":5.554681301116943,"orthographic":false}