{"cameraMode":{"drawMode":0,"name":"Shaded","section":"Shading Mode"},"sceneLighting":false,"audioPlay":false,"sceneViewState":{"showFog":true,"showMaterialUpdate":false,"showSkybox":false,"showFlares":true,"showImageEffects":true,"showParticleSystems":true},"in2DMode":false,"pivot":{"x":-6.539999961853027,"y":-1.4901161193847657e-8,"z":-4.76837158203125e-7},"rotation":{"x":0.12294725328683853,"y":0.8739659190177918,"z":-0.3694019615650177,"w":0.29088103771209719},"size":3.503396511077881,"orthographic":false}